"","term","estimate","std.error","statistic","p.value"
"1","(Intercept)",-8.32578181336485,0.0607614850993957,-137.024001301898,0
"2","idade",0.085388106581181,0.000887832028529986,96.1759700453261,0
